device,capability,dtype,timing_mode,M,K,N,B,sequential_time_ms,batched_time_ms,avg_ms_per_gemm_seq,avg_ms_per_gemm_bmm,sequential_gflops,batched_gflops,speedup_seq_over_batched
cuda,NVIDIA GeForce RTX 3060,float32,cuda_events,1024,1024,1024,1,0.312063992023468,0.27827200293540955,0.312063992023468,0.27827200293540955,6881.548986396688,7717.210590166551,1.1214351021000917
cuda,NVIDIA GeForce RTX 3060,float32,cuda_events,1024,1024,1024,2,0.6039680242538452,0.4102399945259094,0.3019840121269226,0.2051199972629547,7111.249476006768,10469.401699762218,1.4722309680015866
cuda,NVIDIA GeForce RTX 3060,float32,cuda_events,1024,1024,1024,4,1.1866240501403809,0.7977280020713806,0.2966560125350952,0.19943200051784515,7238.968897506997,10767.999330217035,1.4875045718079254
cuda,NVIDIA GeForce RTX 3060,float32,cuda_events,1024,1024,1024,8,2.3518080711364746,1.5001599788665771,0.2939760088920593,0.18751999735832214,7304.962252169708,11452.024734708617,1.567704847661212
cuda,NVIDIA GeForce RTX 3060,float32,cuda_events,1024,1024,1024,16,4.685823917388916,2.909183979034424,0.29286399483680725,0.1818239986896515,7332.699429974802,11810.782204088793,1.6107004407965184
cuda,NVIDIA GeForce RTX 3060,float32,cuda_events,1024,1024,1024,32,9.340736389160156,5.452383995056152,0.2918980121612549,0.17038699984550476,7356.965647349642,12603.565119094714,1.713147202696966
